"ID del post","ID dell'account","Nome utente dell'account","Nome account",Descrizione,"Durata (s)","Orario di pubblicazione",Permalink,"Tipo di post","Commento sui dati",Data,Visualizzazioni,"Mi piace",Condivisioni,Commenti,Salvataggi,Copertura,Follower
18137063230363246,17841403367265426,jemp_polimi,"JEMP - Junior Enterprise","Il nostro alumnus @lucagalluzzo_ oggi occupa la posizione di BD Performance Partner in @satispay, colosso italiano nel mondo dei pagamenti digitali. 💳

In JEMP è stato prima Consultant e poi Responsabile in Area Audit.🧑‍💻

Scorri per scoprire il suo percorso!👉🏻

#JEMPAlumni #JuniorEnterprise #PoliMI",0,"04/09/2025 06:20",https://www.instagram.com/p/DIOi5OhiL_w/,"Carosello di Instagram",,Totale,3323,59,1,3,1,795,0
17901437283158268,17841403367265426,jemp_polimi,"JEMP - Junior Enterprise","Durante il nostro ultimo Workshop, @blossom.global ci ha guidato nel capire l’importanza di cambiare prospettiva nel branding. 💡

🔄 Cambiare non significa perdere la propria essenza, ma adattare la prospettiva per rimanere rilevanti, questo rappresenta il vero significato della parola cambiamento riferito ad un brand.

🔍 Abbiamo esplorato come le nuove tecnologie possano non solo migliorare il nostro lavoro, ma anche come noi possiamo migliorare queste tecnologie, contribuendo attivamente all’innovazione.

🥂 L’evento si è concluso con un aperitivo che ha permesso di approfondire i temi insieme al team di Blossom.

#JEMP #Innovation #BrandEvolution #ChangeManagement #DigitalTransformation #OneBiteWorkshop",0,"04/10/2025 05:29",https://www.instagram.com/p/DIRB5V7NKsg/,"Carosello di Instagram",,Totale,2758,16,0,1,0,463,0
18295554679171445,17841403367265426,jemp_polimi,"JEMP - Junior Enterprise","Durante il workshop “Cracking Business Cases” con @bcg abbiamo avuto l’opportunità di metterci alla prova con business cases reali, 🧠lavorare in team, sviluppare un pensiero strutturato e ricevere feedback diretti dai loro consulenti.💬 

Ci è stata trasmessa l’importanza di un approccio solido, anche quando l’incertezza è alta, e come comunicare le proprie idee in modo chiaro e incisivo. 🎤

#consulting #bcg #businesscase #strategicthinking #careerprep",0,"04/14/2025 05:29",https://www.instagram.com/p/DIbVCl_CaD1/,"Carosello di Instagram",,Totale,2892,35,0,0,0,506,0
17947823708959605,17841403367265426,jemp_polimi,"JEMP - Junior Enterprise","Un confronto tra generazioni per parlare di lavoro e cambiamento: l’evento Alumni si è aperto con un’intervista su Resilienza e Adattabilità, con Niccolò Brocchi e @marymarketingirlie_ come protagonisti, che ci hanno offerto spunti nuovi su come affrontare le sfide professionali. 💬

Dopo l’ascolto… l’azione! ✨
Durante il team building, JEMPer e alumni si sono messi in gioco per confrontarsi attivamente sul tema dell’evento. 🧠

Iniziative come questa ci ricordano quanto sia importante creare ponti tra chi ha già vissuto l’esperienza di JEMP e chi la sta vivendo ora. Le storie, i consigli e i confronti di questi momenti ci aiutano a crescere come persone e come professionisti.🌱

#JEMP #Alumni #Resilienza #PoliMi #TeamBuilding #CareerDevelopment",29,"04/16/2025 05:58",https://www.instagram.com/reel/DIghxZCMOeh/,"Reel di Instagram",,Totale,3135,58,2,4,0,2068,1
17843342526460476,17841403367265426,jemp_polimi,"JEMP - Junior Enterprise","Durante la @milan.design.week abbiamo trasformato idee in segni, concetti in forme, contrasti in identità. ✍️

Il nostro workshop “From contrast to identity: Create your logo” ha dato spazio alla creatività di chi ha partecipato, offrendo un’esperienza pratica e immersiva nel mondo del logo design. 🎨

Abbiamo giocato con gli opposti, sperimentato e progettato loghi personalizzati che ogni partecipante ha potuto portare a casa come ricordo del proprio percorso creativo e del workshop che ha svolto insieme a noi. 🖼️

Grazie a @interdependence.polimi e @fabbricadelvapore per averci ospitato e a tutti coloro che sono passati a trovarci! ✨

#JEMP #MilanDesignWeek #DesignWorkshop #CreativityInAction #HandsOn",34,"04/17/2025 05:09",https://www.instagram.com/reel/DIjA6SGiIbs/,"Reel di Instagram",,Totale,1992,61,3,5,1,1232,0
17925026922067692,17841403367265426,jemp_polimi,"JEMP - Junior Enterprise","🚀 Il 17 aprile abbiamo avuto l’opportunità di visitare i quartieri generali di @bip per scoprire Datwave, la business unit focalizzata sull’intelligenza artificiale.

Durante l’incontro ci è stata presentata una panoramica sul valore strategico dei dati e su come machine learning, deep learning e generative AI stiano trasformando interi settori.

📊 Abbiamo esplorato i tool più utilizzati nel campo, come ChatGPT, Gemini e molti altri, approfondendo le loro applicazioni concrete.

💡 Infine, ci è stato mostrato l’approccio di BIP alla risoluzione dei problemi, con un interessante caso reale che ci ha permesso di toccare con mano il metodo e la visione che li contraddistingue.

#BIP #Datwave #AI #ConsultingCareers #Innovation #MachineLearning #GenerativeAI #Leadership #JEMP",0,"04/22/2025 05:34",https://www.instagram.com/p/DIv7_fpCD23/,"Immagine di Instagram",,Totale,3828,70,0,1,1,1053,0
17958088889922333,17841400079768220,jetop_to,"Junior Enterprise Torino Politecnico","🌆 Torino, Milano, Venezia, Padova.
Cos’hanno in comune queste iconiche città? 
(A parte dei bellissimi monumenti 😏)

💡 Ve lo diciamo noi: un unico mindset, la stessa direzione, una partnership forte.
Ogni città ha il suo simbolo e insieme progettiamo il nostro.

🔥 Benvenuti al 5JES.
Dove il futuro prende forma.
Le cinque Junior Enterprises più influenti d’Italia, unite per un evento che va oltre ogni aspettativa.

🌍 Cinque università. Una sola visione.
Legate dal motto “Beyond Networking”, con l’obiettivo di creare connessioni autentiche e raggiungere nuove vette. 📈

🌟 Affinità. Crescita. Esclusività.
5JES è più di un evento. È il futuro che costruiamo insieme. 

🚀 Il viaggio è appena iniziato.

#5JES #JEMP #JEToP #JECatt #JEst #JEVE",31,"04/23/2025 03:00",https://www.instagram.com/reel/DIyOnNwicev/,"Reel di Instagram",,Totale,9657,219,11,13,0,,
17902993536054459,17841403367265426,jemp_polimi,"JEMP - Junior Enterprise","From December 9th to 11th 2024, some of our members were guests of the JE @galileiconsult in Heidelberg, together with the JE @instead_ev from Passau! 🎄🚀

It was an unforgettable three-day experience focused on exchange of knowledge, ideas and personal stories. Together, we explored Heidelberg's Christmas market, took a tour of the historic city center, learned about the local culture and best practices through various exchange sessions. 🎉

We also had the opportunity to get to know the German Junior Enterprise that hosted us by taking part in one of their General Assemblies, where an interesting case study was presented. 📄

But that’s not all! Because then... (to be continued) 🎁

#JEMP #JE #Network #Polimi #Heidelberg",0,"04/29/2025 08:24",https://www.instagram.com/p/DJCRCb4CM04/,"Carosello di Instagram",,Totale,3959,76,3,0,0,910,0
17918134086008257,17841403367265426,jemp_polimi,"JEMP - Junior Enterprise","From April 15th to 17th 2025, we had the pleasure of hosting our friends from @galileiconsult e.V. in Milan! 🇮🇹

Together, we spent three intense days filled with engaging conversations, cultural activities, and delicious culinary experiences.

One of the highlights was a deep exchange session between members of the German Junior Enterprise and several JEMPers, where we explored the structure of our associations and shared valuable best practices. 💪🏻

GalileiConsult members also had the opportunity to attend our General Assembly, speak in front of all our associates, and witness the presentation of the Trial Projects by our new members. 🚀

We want to sincerely thank GalileiConsult e.V. for these incredible moments - we can’t wait to see what will grow from this collaboration! 🎊

#JE #JEMP #Polimi #Heidelberg #Network",0,"05/02/2025 09:57",https://www.instagram.com/p/DJKKDyPC332/,"Carosello di Instagram",,Totale,4879,79,0,0,2,1351,0
18066264874962638,17841403367265426,jemp_polimi,"JEMP - Junior Enterprise","Siamo andati in vacanza?😎
Beh, non proprio!
📍Il 4 e 5 aprile siamo stati a Salerno per il Board Summit organizzato da @je_italy , due giorni intensi di confronto sul futuro delle JE!

Abbiamo parlato di come:
🤝rafforzare il legame con gli alumni
📊monitorare il nostro impatto e migliorare continuamente
🔄rendere i passaggi generazionali ancora più efficaci

💡Un’occasione per evolvere e continuare a costruire valore insieme.

#boardsummit #jeitaly #juniorenterprise #jemp #leadership #alumninetwork",0,"05/06/2025 05:00",https://www.instagram.com/p/DJT7PTNi7El/,"Immagine di Instagram",,Totale,3615,60,0,1,0,878,0
17980467299831887,17841403367265426,jemp_polimi,"JEMP - Junior Enterprise","Ma cosa fanno oggi gli alumni di JEMP?🧐

Il nostro alumnus @federico.pera oggi occupa la posizione di Go-To-Market Coordinator in @zegna, storico gruppo italiano del lusso. 💎

In JEMP è stato prima Consultant e poi Responsabile in Area Audit. 💻

Scorri per scoprire il suo percorso!👉🏻",0,"05/09/2025 05:58",https://www.instagram.com/p/DJbwOY6CC4u/,"Carosello di Instagram",,Totale,4036,49,0,0,1,832,0
17877030468223698,17841403367265426,jemp_polimi,"JEMP - Junior Enterprise","“Il tuo marchio è la promessa che fai a chi ti circonda.” 💡
E tu, lo stai comunicando bene?

Nel workshop “LinkedIn da Professionisti” organizzato con @gigroup_italia, abbiamo capito una cosa fondamentale:
non basta essere bravi, bisogna anche sapersi raccontare (e lasciare il segno 😉).

📸 Una foto ben fatta, una headline che racconta chi sei davvero e un profilo strutturato con consapevolezza possono aprirti più porte di quanto immagini.
Non basta esserci, serve distinguersi! 🚀

#JEMP #gigroup #personalbrand #linkedin #networking",0,"05/13/2025 03:00",https://www.instagram.com/p/DJlvGGTC_bb/,"Immagine di Instagram",,Totale,3840,36,1,0,0,795,0
18045165491180163,17841403367265426,jemp_polimi,"JEMP - Junior Enterprise","Ma che cosa fanno gli alumni dopo la loro esperienza in JEMP? 🤔

Il nostro alumnus @riccardo__guiducci oggi si occupa di Colour, Material & Finish Design presso @lorealgroupe, multinazionale francese numero 1 nell’industria del beauty. 🧴

In JEMP è stato Marketing Consultant, Alumni Manager e Responsabile Area Marketing. 📝

Scorri per scoprire il suo percorso! 👉

#JEMPAlumni #JuniorEnterprise #PoliMI",0,"05/19/2025 05:01",https://www.instagram.com/p/DJ1Ztb9C5JE/,"Carosello di Instagram",,Totale,4769,60,2,0,0,1171,0
17947936145991007,17841403367265426,jemp_polimi,"JEMP - Junior Enterprise","Cosa succede quando cinque Junior Enterprises si incontrano fuori dalle aule?
Nascono rete, connessioni e valore. ✨

Lo scorso 8 maggio il Tavolo di Milano ha portato le Junior Enterprises della città a vivere una serata all’insegna del networking, del confronto e della crescita condivisa. 🤝
Un mix perfetto tra idee, persone e voglia di collaborare.💡
Ogni momento condiviso è stato un passo avanti per costruire una rete sempre più solida. 🚀
E noi siamo solo all’inizio!

#JEMP #TavoloDiMilano #JuniorEnterprise #JE #JEItaly",0,"05/21/2025 05:00",https://www.instagram.com/p/DJ6jKwDia7T/,"Immagine di Instagram",,Totale,4810,68,0,0,0,1277,0
17911603809108502,17841403367265426,jemp_polimi,"JEMP - Junior Enterprise","Hai mai voluto incontrare un unicorno? 🦄

Il 16 maggio abbiamo fatto visita a @bendingspoons, nuova premium partner del nostro network @je_italy!

📱 Nei loro uffici milanesi, tecnologici e all’avanguardia, abbiamo scoperto da vicino la loro cultura, i progetti su cui lavorano e cosa significa davvero essere uno ""Spooner"".

🥄 Grande attenzione è stata dedicata anche al processo di recruiting, che ci ha svelato quali competenze cercano nei futuri talenti.

🚀 Infine, una visita guidata ci ha mostrato come l’ambiente di lavoro favorisca collaborazione, produttività e benessere: un vero esempio di spazio pensato per le persone.

#JEMP #bendingspoons #tech #CompanyVisit",0,"05/26/2025 05:01",https://www.instagram.com/p/DKHbNKUvWmf/,"Immagine di Instagram",,Totale,5530,113,1,1,0,1591,0
18084941122678588,17841403367265426,jemp_polimi,"JEMP - Junior Enterprise","Quanto conta oggi un sito web chiaro, funzionale e visivamente coerente con i valori di un progetto? ♻️🧵

In quest’ottica @tondo_circulareconomy si è affidata a noi per dare una nuova veste digitale a Circular Threads 2.0, l’iniziativa che promuove e studia l’economia circolare nel settore tessile italiano.🪡

Abbiamo lavorato insieme per costruire un sito che racconti l’impegno per la sostenibilità e l’innovazione, con eleganza e chiarezza.💻
Scorri le slide per scoprire il nostro processo passo dopo passo!

 #JEMP #Polimi #CircularEconomy #ModaSostenibile #Innovazione #ProgettiIndustriali (modificato)",0,"05/27/2025 03:16",https://www.instagram.com/p/DKJ0BZbimzK/,"Carosello di Instagram",,Totale,4907,48,0,1,1,813,0
18017235107715896,17841400079768220,jetop_to,"Junior Enterprise Torino Politecnico","✨ Che giornata incredibile.
Ci siamo ritrovati, abbiamo condiviso idee, vissuto esperienze… senza mai dimenticare il divertimento!

🎬 Questo è il nostro aftermovie:
un piccolo riassunto di un grande evento che, ancora una volta, ci ha ricordato quanto sia potente fare networking tra Junior Enterprises.

💡 Dai workshop agli speech aziendali, fino all’aperitivo finale: ogni momento ha lasciato il segno.

❤️ Grazie a chi ha portato entusiasmo, idee e curiosità.
Il 5JEs non è solo un evento, è una community che cresce.
E noi non vediamo già l’ora di rifarlo! 🚀

#5JES #BeyondNetworking #JuniorEnterprise #JuniorEnterpreneurs #Aftermovie",56,"05/28/2025 03:01",https://www.instagram.com/reel/DKMVVJpCy-l/,"Reel di Instagram",,Totale,10571,172,14,14,0,,
17845058559497239,17841403367265426,jemp_polimi,"JEMP - Junior Enterprise","LinkedIn: quanto può rafforzare il posizionamento di un’azienda? 🧠

SARG, impresa specializzata in tecnologie per l’orientamento industriale, si è affidata a noi per trasformare la sua presenza su LinkedIn in uno strumento di posizionamento chiaro, sostenibile e tracciabile. 🛠️

Abbiamo ideato un piano editoriale digitale su Notion, template personalizzati su Figma e una strategia in 3 fasi per rendere ogni contenuto riconoscibile e aggiornabile nel tempo. 🎨

Scorri le slide per scoprire il nostro metodo e i risultati di questa collaborazione! 👉

#JEMP #Polimi #LinkedInStrategy #ComunicazioneDigitale #SocialMediaStrategy #B2BMarketing #SARG #OrientamentoTecnologico #DigitalInnovation",0,"06/03/2025 05:00",https://www.instagram.com/p/DKcBjwSC3fA/,"Carosello di Instagram",,Totale,5130,54,0,1,3,721,0
18068671637497819,17841403367265426,jemp_polimi,"JEMP - Junior Enterprise","Lo scorso weekend siamo stati a Torino per il JEIMM 2025, il Junior Enterprise Italy May Meeting.

Il tema? Sostenibilità nel settore tessile 🌱🧵

Abbiamo partecipato a workshop, conferenze e momenti di confronto con Junior Enterprise da tutta Italia. Un’occasione per crescere, condividere e ispirarci.

Il weekend si è concluso con la premiazione degli Excellence Awards, quattro riconoscimenti nazionali assegnati da JE-Italy ogni anno alle JE più promettenti. Piccolo spoiler: non siamo tornati a casa a mani vuote!

Un grande grazie a JE-Italy, ai partner e a tutte le Junior Enterprise presenti per aver reso questo evento così significativo 👏

#jeimm2025 #juniorentreprises #polimi #sostenibilitàtessile #sustainabledevelopement #digitalstrategy #InnovazioneResponsabile #jemp",44,"06/06/2025 05:00",https://www.instagram.com/reel/DKjv4xkiF9e/,"Reel di Instagram",,Totale,2735,70,5,0,0,1626,0
18306478135240447,17841403367265426,jemp_polimi,"JEMP - Junior Enterprise","Ci sono novità in Area HR! 🫂

L’incarico di responsabile passa a @_.sofyv._ , studentessa al 5° anno di Ingegneria Gestionale e membro di JEMP da Marzo 2024. 🚀

Durante il suo mandato, Sofia guiderà l’area nell’allocazione dei soci sui diversi progetti, oltre che nell’organizzazione di momenti di formazione e attività per rafforzare l’associazione! 📈

Congratulazioni! 🎉",0,"06/11/2025 05:07",https://www.instagram.com/p/DKwosDYCH1o/,"Carosello di Instagram",,Totale,6288,93,0,9,0,1098,1
17904242727186731,17841403367265426,jemp_polimi,"JEMP - Junior Enterprise","🏆Mistero svelato!
Siamo orgogliosi di annunciare che abbiamo vinto il premio “Sustainable Development” agli Excellence Awards 2025! (E non è l’unico👀).

🌱Un riconoscimento che conferma il nostro impegno concreto nel rendere la sostenibilità parte attiva dei nostri progetti.

Grazie @je_italy per aver creduto in noi, ispirandoci a fare ancora meglio.

#JEMP #JEIMM2025 #excellenceawards #sustainabledevelopmen #JE #juniorenterprise #impactdriven #sustainability #development",0,"06/13/2025 03:00",https://www.instagram.com/p/DK1jrOMihdW/,"Carosello di Instagram",,Totale,7549,99,3,3,0,1915,0
17911505124140000,17841403367265426,jemp_polimi,"JEMP - Junior Enterprise","🏆 Abbiamo vinto il premio come Miglior Progetto agli Excellence Awards!

⚡️ 500 ore di lavoro dietro a un progetto che mette da parte promesse irrealistiche per dare un contributo veramente concreto allo sviluppo sostenibile energetico nel nostro Paese.

💡 Cosa ci ha guidati? Un approccio analitico, la fede nelle tecnologie emergenti e quel tocco di giallo che illumina da sempre la nostra visione.

Ringraziamo @je_italy per questo importante riconoscimento.

#JEMP #JEIMM2025 #ExcellenceAwards #Awards #JuniorEnterprise #Polimi",0,"06/16/2025 05:00",https://www.instagram.com/p/DK9f3Opi6MB/,"Carosello di Instagram",,Totale,8007,82,3,1,0,1990,0
18372562219132186,17841403367265426,jemp_polimi,"JEMP - Junior Enterprise","🚀 Grandi novità in casa #Marketing&Comunicazione !
Da giugno 2025, la guida dell’area passa a @lorenzocacioli_ , studente del 3° anno di Design degli Interni e JEMPer determinato e brillante. 💼✨

Sarà lui a definire la strategia di comunicazione e a dare voce alla nostra associazione sui social. 📱

Siamo certi che porterà una ventata di creatività e visione!

Congratulazioni Lorenzo e buon lavoro! 👏🎉

#beJEMPer #JEMP #JuniorEnterprise #PoliMi #JE",0,"06/20/2025 04:57",https://www.instagram.com/p/DLHytXLCo7y/,"Carosello di Instagram",,Totale,8126,88,2,8,0,1260,0
18348391141081280,17841403367265426,jemp_polimi,"JEMP - Junior Enterprise","Quanto può essere efficace un sito web costruito su un’identità chiara e coerente con i valori del brand? 🔊

@antoniolifarma si è affidata a noi per dare forma alla propria identità visiva. Inizialmente abbiamo lavorato sulla strategia definendo mission, vision, tone of voice e archetipi, per poi tradurre tutto questo in un sito web coerente, funzionale e con una brand identity riconoscibile. 🏗️

Abbiamo quindi definito i font, la palette e i template con i quali costruire un sito web riconoscibile e coerente con l’immagine del brand. 🎨

Scorri le slide per scoprire come abbiamo trasformato le idee in un progetto completo. 👉

#JEMP #Polimi #BrandIdentity #WebDesign #DigitalStrategy #ComunicazioneVisiva #SitoWeb #WordPress",0,"06/24/2025 04:54",https://www.instagram.com/p/DLSFjQoimMz/,"Carosello di Instagram",,Totale,7233,44,0,2,1,743,0
18021650252514692,17841403367265426,jemp_polimi,"JEMP - Junior Enterprise","Ciao, sono la Pillola di JEMP! 💊

Sono curiosa, chiacchierona e sempre in cerca di storie interessanti da raccontare. 📢
Con questa rubrica ti porto dietro le quinte dell’associazione, per farti conoscere da vicino chi rende JEMP un posto così speciale.

Sai qual è l’ingrediente segreto per innovare davvero in un’associazione? 💡
Te lo racconto con l’aiuto di @emanuelecaponee , referente della sottoarea Innovazione in area Commerciale!

Vuoi sapere com’è entrato in questo ruolo, cosa lo ispira e cosa consiglierebbe a chi vuole fare lo stesso? 📖
Scorri il carosello e leggi la nostra chiacchierata!

#JEMP #JEMPinPillole #Innovazione #JuniorEnterprise #Polimi #CrescitaPersonale #Leadership #MettersiInGioco #StudentiAttivi #Teamwork",0,"07/01/2025 05:30",https://www.instagram.com/p/DLkLJaoimPj/,"Carosello di Instagram",,Totale,8209,74,6,4,0,1019,0
18050826212176174,17841403367265426,jemp_polimi,"JEMP - Junior Enterprise","Può una startup permettersi di non avere un sito web? Spoiler: no.

Un sito è il primo punto d’accesso al mercato, il modo in cui una startup si presenta, si racconta e si fa trovare. È credibilità, è identità, è presenza. 🌐

Per questo, JEMP ha supportato ArkAI nella realizzazione del suo nuovo sito web: una piattaforma pensata per comunicare in modo chiaro, funzionale e coerente con la visione della startup. 🧠💻

Dalla progettazione alla struttura, fino all’ottimizzazione SEO e alla navigazione mobile, ogni scelta è stata guidata da un obiettivo preciso: dare valore alla presenza digitale, rendendola concreta ed efficace. 📲✨

Essere online è importante. Ma farlo nel modo giusto lo è ancora di più. ✔️

#JEMP #Polimi #BrandIdentity #WebDesign #DigitalStrategy #ComunicazioneVisiva #SitoWeb #WordPress",0,"07/09/2025 05:00",https://www.instagram.com/p/DL4uFJgtkwD/,"Carosello di Instagram",,Totale,7166,43,0,0,0,595,0
18476160946078461,17841403367265426,jemp_polimi,"JEMP - Junior Enterprise","Ma fare JEMP ti prepara veramente al mondo del lavoro?🧐

Lasciatevelo raccontare dal nostro alumni Matteo Sciortino. Ex membro di area HR, oggi ricopre il ruolo di digital transformation consultant presso Intellera Consulting, una realtà nuova e innovativa che si sta espandendo anche all’estero.🔗

Scorri per scoprire il suo percorso👉🏻
#JEMP #alumni #JEMPAlumni #JuniorEnterprise #PoliMI",0,"07/11/2025 03:00",https://www.instagram.com/p/DL9p_5sCsa7/,"Carosello di Instagram",,Totale,8216,35,0,1,0,766,0
17847462909521908,17841403367265426,jemp_polimi,"JEMP - Junior Enterprise","Ciao, sono la Pillola di JEMP! 💊
Sono curiosa, chiacchierona e sempre in cerca di storie interessanti da raccontare. 📢

Vuoi sapere qual è il segreto per creare formazioni davvero utili e stimolanti? 📚
Te lo racconto con l’aiuto di @filippocala_, referente della sottoarea Workshop in area HR!

Vuoi scoprire cosa lo ha spinto ad assumere questo ruolo, quale aspetto preferisce e che cosa ha imparato facendolo? 💡
Scorri il carosello e leggi la nostra chiacchierata!

#JEMP #JEMPinPillole #Workshop #Formazione #JuniorEnterprise #Polimi #CrescitaPersonale #MettersiInGioco #StudentiAttivi #Teamwork",0,"07/18/2025 05:01",https://www.instagram.com/p/DMP5XtKMeXR/,"Carosello di Instagram",,Totale,8606,58,1,0,0,1016,0
17895735516255880,17841403367265426,jemp_polimi,"JEMP - Junior Enterprise","📖 Ma quanto è importante la UX/UI? 

Basta dire che, se non ci fosse, avremmo bisogno delle istruzioni per utilizzare i siti web (e nessuno vorrebbe, vero?)

🧑‍💻 La UX infatti guida l’utente nel sito e anticipa le sue azioni posizionando ogni elemento in modo che possa raggiungerlo intuitivamente. La UI, invece, aiuta a dare un aspetto riconoscibile e coerente visivamente.

🎓 JEMP ha perciò realizzato per la startup StudyFlow la giusta UX/UI per il suo sito, uno strumento di aiuto allo studio che sfrutta le potenzialità dell’AI. Serviva fornire un’esperienza priva di distrazioni, semplice e dal look contemporaneo. 

✏️ Dalla progettazione del wireframe low-fidelity al completamento del mockup su Figma abbiamo valutato come ogni elemento si integrava all’interno del sito intero, mettendoci sempre nei panni del futuro utente.

#JEMP #Polimi #UXUI #UX #UI #UserExperience #UserInterface #BrandIdentity #ArtificialIntelligence #Website #Internet #Figma",0,"07/21/2025 05:00",https://www.instagram.com/p/DMXnm7PC0Cz/,"Carosello di Instagram",,Totale,8245,31,1,0,1,763,0
18074768413804231,17841403367265426,jemp_polimi,"JEMP - Junior Enterprise","🎉 Chiudiamo un semestre in pieno stile Gatsby ✨

Tra brindisi, risate e look da urlo, abbiamo celebrato tutto ciò che siamo riusciti a costruire insieme.
Un semestre di progetti, crescita e nuove connessioni.
Un’unica parola per descriverlo? JEMParty.

🎬 Guarda il reel e rivivi la serata.
💛 E se c’eri, lo sai: questa non è solo un’associazione.

#JEMP #JEMParty #JEMPcommunity #Polimi #TheGreatGatsby",29,"07/31/2025 05:00",https://www.instagram.com/reel/DMxXpNBiZ1v/,"Reel di Instagram",,Totale,2684,64,3,0,0,1599,0
18100902967510569,17841403367265426,jemp_polimi,"JEMP - Junior Enterprise","💼 Sarò abbastanza pronto per il mondo del lavoro?

📢A questa domanda hanno provato a rispondere durante l’evento “Giovani e imprese si incontrano”, organizzato e tenutosi presso @cofoundry_cowork a cui hanno collaborato anche Confapi Milano, AssoGentile e Skillhub.

💬50 imprenditori, 4 JEMPers e 2 ragazzi di JEMIB hanno creato un dibattito, durante il quale hanno potuto parlare del loro percorso formativo, raccontando il concetto di JE e rispondendo alle domande degli imprenditori presenti.

🎯Il focus? Una discussione che portasse a galla i temi ad oggi importanti per il lavoro del futuro.

🔗Partecipare agli eventi di network non è uno spreco di tempo ma un’attenzione a creare, mattone dopo mattone, un ponte verso il nostro futuro.🚀

#JEMP #eventi #network #JE",0,"08/01/2025 06:00",https://www.instagram.com/p/DM0DT9wisH3/,"Immagine di Instagram",,Totale,9063,43,1,0,0,1136,0
18517970764017917,17841402883708207,adeccoitaly,Adecco,"Belli, giovani, con tanta caffeina in corpo e qualche difficoltà a spiegare il loro corso di studi alla nonna. ​
​
Abbiamo chiesto agli studenti del Politecnico parte dell’associazione Jemp, di svelarci che aspettative, outfit, e quantitativi di caffè si aspettano di ottenere durante la loro carriera lavorativa. ​

Per noi, tutto in regola, voi che ne pensate? ​

#Adecco #AdeccoEducation",90,"09/03/2025 02:01",https://www.instagram.com/reel/DOImCYaEoRm/,"Reel di Instagram",,Totale,594952,1369,57,17,0,,
18173092576360560,17841403367265426,jemp_polimi,"JEMP - Junior Enterprise","Esino Lario ci ha regalato un weekend da ricordare. 📝 

Due giorni tra natura, sport, panorami incredibili e serate che non volevamo finissero. ✨

Abbiamo lavorato sodo, condiviso idee, riso tanto e cantato ancora di più 🎶.

È successo qualcosa di speciale: siamo tornati più carichi, più squadra.
Esino, ci hai conquistati 💛
#JEMP #JE #EsinoLario #TeamWeekend #Natura #Montagne",34,"09/19/2025 03:00",https://www.instagram.com/reel/DOx5qRdgv2w/,"Reel di Instagram",,Totale,4702,115,5,8,2,2616,3
18318731812244041,17841403367265426,jemp_polimi,"JEMP - Junior Enterprise","🚪 La porta è aperta: basta avere il coraggio di entrare. Step in JEMP! 🌟

Vuoi metterti in gioco davvero? 🚀
Con JEMP avrai l’occasione di uscire dalla comfort zone, affrontare sfide reali e sviluppare competenze che faranno la differenza per il tuo futuro. 💡💼
Non è solo crescita professionale: è anche un viaggio personale fatto di nuove connessioni, esperienze uniche e tanta voglia di osare. 🌍✨
📅 Dal 22 settembre al 19 ottobre le iscrizioni sono aperte.
 👉 Non perdere l’occasione: segui i nostri eventi e scopri di più nel link in bio!

#BeBoldStepInJEMP #JEMP #Design #Ingegneria #Future #POLIMI",0,"09/19/2025 06:56",https://www.instagram.com/p/DOyUqQjAsED/,"Carosello di Instagram",,Totale,33552,119,3,3,9,10989,23
17895443067315181,17841403367265426,jemp_polimi,"JEMP - Junior Enterprise","⏱️ Time to step in! L’attesa è finita e il momento è arrivato!

🤝 Oggi aprono ufficialmente le candidature per entrare in JEMP!
Non lasciarti scappare questa occasione e candidati subito! Hai tempo fino al 19 ottobre. 

⭐️ Trovi il link per iscriverti nella nostra bio!

#BeBoldStepInJEMP #JEMP #Design #Ingegneria #Future #PoliMI #Recruitment",0,"09/22/2025 04:59",https://www.instagram.com/p/DO51rVFAtzV/,"Carosello di Instagram",,Totale,10230,68,2,4,1,1677,0
17868940902443409,17841403367265426,jemp_polimi,"JEMP - Junior Enterprise","🔍 Vorresti conoscerci meglio? Ecco la tua occasione!

📍Puoi trovarci martedì 23 settembre dalle 10:30 alle 15:30, presso il Campus di Bovisa Candiani, all'Ovale, e giovedì 25 settembre sempre dalle 10:30 alle 15:30 presso il Campus Leonardo, ai Giardini del Rettorato.

🚀 Sarà un'occasione speciale per incontrare i nostri associati, pronti a rispondere a tutte le vostre domande su JEMP!

👀 Qualora dovessi mancare, non preoccuparti, ci saranno molte altre occasioni per venirci a trovare.

Seguici per rimanere aggiornato e scoprirle!

#BeBoldStepInJEMP #JEMP #Design #Ingegneria #PoliMI #Recruitment",0,"09/23/2025 00:01",https://www.instagram.com/p/DO74RLyD1TY/,"Carosello di Instagram",,Totale,10098,35,8,0,1,1493,0
18065628620036148,17841403367265426,jemp_polimi,"JEMP - Junior Enterprise","👉 “Non te l’aspettavi, vero?”

Proprio come questo nuovo formato spopolato su Instagram, anche JEMP significa rompere gli schemi, cavalcare l’onda del cambiamento e restare al passo con i tempi. 💡
Entrare a far parte della nostra realtà vuol dire mettersi in gioco, affrontare nuove sfide e crescere insieme a un team dinamico e motivato.🚀

Non perdere l’occasione: invia la tua candidatura e inizia il tuo percorso con JEMP.

#trend #JEMP #REC #BEJEMPer #Design #Ingegneria #polimi",10,"09/26/2025 02:11",https://www.instagram.com/reel/DPD1mK8AnTm/,"Reel di Instagram",,Totale,3570,84,9,2,1,1520,0
18060832889614795,17841403367265426,jemp_polimi,"JEMP - Junior Enterprise","Come si svolge un progetto in JEMP? 🤔

In JEMP ogni progetto è un’occasione per trasformare le idee in soluzioni concrete. 🎯
Questa volta abbiamo collaborato con #FarmacieAntonioli, una catena di farmacie del bergamasco, per sviluppare un sito web capace di valorizzare i loro servizi e di avvicinarli ancora di più ai clienti. 💻🌿

Scopri con noi come lavoriamo! 👉🏻
@farmacia.di.caravaggio @farmaciamalpensata @farmaciaantonioliantegnate @farmaciaantoniolitreviglio @farmaciadibagnatica 
#JEMP #JuniorEnterprise #SitoWeb #Consulting #Innovation #REC",60,"09/26/2025 09:47",https://www.instagram.com/reel/DPEpt8IgotN/,"Reel di Instagram",,Totale,7088,86,21,2,9,4196,8
18178795042351048,17841403367265426,jemp_polimi,"JEMP - Junior Enterprise","Abbiamo fatto una gita a Ferrara?🚀
Non proprio.

📍Quest’anno Board e Resp Summit si sono tenuti nella stessa location, durante gli stessi giorni. Una sovrapposizione di due eventi che ha permesso di creare un network più esteso.

Workshop, business game e momenti di confronto hanno permesso di :
🔗Osservare similitudini e differenze tra le JE
⭐Costruire un futuro insieme
☁️Condividere idee e opinioni

Per questo, vorremmo ringraziare per l’organizzazione @je_italy, @jebo.bologna, @jemore_consulting , @jeparma_unipr e @jefe.consulting  anche per la calorosa ospitalità.

#boardsummit #respsummit #jeitaly #juniorenterprice #jemp #workshop #network",25,"09/29/2025 02:00",https://www.instagram.com/reel/DPLiuv-gtUd/,"Reel di Instagram",,Totale,2802,74,4,1,1,1698,0
18041653781454764,17841403367265426,jemp_polimi,"JEMP - Junior Enterprise","JEMP è per tutti? 👀

Ascolta l'intervista di Chiara e Beatrice, che nonostante provengano da facoltà molto diverse sono riuscite a trovare il proprio spazio in JEMP, e lo hanno fatto alla grande! 🚀
Hanno superato la paura di sbagliare mettendosi in gioco fin dall'inizio, imparando e anche divertendosi 💪

Provaci anche tu 😉! Candidati entro il 19/10! ⏱️

#JEMP  #juniorenterprise #design #ingegneria #recruitment #intervista",64,"10/01/2025 03:50",https://www.instagram.com/reel/DPQ4t0zArA4/,"Reel di Instagram",,Totale,3923,78,15,6,2,2240,2
18079834700489822,17841403367265426,jemp_polimi,"JEMP - Junior Enterprise","🪢 Un consulente, un progettista, un amico: un JEMPer è molto di più che un semplice associato, è parte di un team gigantesco e fantastico che non vede l’ora di conoscerti! 

💫 Hai ancora tempo per candidarti e unirti a noi! 

#JoinUs #Recruitment #JEMP",0,"10/03/2025 05:02",https://www.instagram.com/p/DPWKu9DAilw/,"Carosello di Instagram",,Totale,11334,44,1,0,1,1923,1
17858527935455268,17841403367265426,jemp_polimi,"JEMP - Junior Enterprise","✨ Un tipico mercoledì della vita in JEMP ✨

Tra riunioni, momenti che rafforzano la squadra e una cena finale che chiude la giornata al meglio 🍽️, ogni giorno è diverso ma con la stessa energia: crescere e fare la differenza insieme. 🚀

#DayInTheLife #JEMP #WorkWithUs",50,"10/06/2025 06:25",https://www.instagram.com/reel/DPd_u0vgq74/,"Reel di Instagram",,Totale,19424,149,34,3,4,11963,20
18076401334893013,17841403367265426,jemp_polimi,"JEMP - Junior Enterprise","Grande novità in area Audit & IT! ✨

L’incarico di responsabile passa a @dariadiigennaro , studentessa al 3° anno di Ingegneria Gestionale e membro di JEMP da Marzo 2025. 🚀

Come nuova responsabile, Daria è convinta che la passione sia la scintilla che dà vita a ogni azione in JEMP, la stessa che alimenta le idee e la forza del gruppo. Il suo obiettivo è metterci il cuore, valorizzare ogni membro dell’area Audit & IT e far sì che ciascuno si senta protagonista, perché dietro ogni risultato c’è sempre una squadra. 💻💙

Congratulazioni, Daria! 🎉

#JEMP #JE #Polimi #Audit #IT #Leadership #Innovation #Teamwork",0,"10/07/2025 02:57",https://www.instagram.com/p/DPgPkPDggCQ/,"Carosello di Instagram",,Totale,7422,91,7,12,0,1073,0
18526584067019436,17841403367265426,jemp_polimi,"JEMP - Junior Enterprise","🚀 In Area Commerciale abbiamo un cambio di Responsabilità!

📒 L'incarico di Responsabile passa a @marcopiensi, studente al 1° anno di magistrale in Management Engineering, mentre quello di Vice-Responsabile a @richicastelnovo, anche lui al 1° anno di magistrale in Management Engineering!

💰 Nei prossimi mesi guideranno la loro area, supervisionando l'intero processo di acquisizione e gestione dei lead, dalla generazione fino alla stesura del contratto!

🎉 Congratulazioni Ragazzi!

#JEMP #JE #Polimi #Commerciale #Leadership #Innovation #Teamwork",0,"10/09/2025 05:00",https://www.instagram.com/p/DPlnR3RjEd5/,"Carosello di Instagram",,Totale,6494,70,1,9,0,951,0
18062130152141887,17841403367265426,jemp_polimi,"JEMP - Junior Enterprise","👉 Se vuoi scoprire chi siamo e cosa facciamo vieni a trovarci il 13 Ottobre al banchetto al Campus La Masa! 

#JEMP #JE #Polimi",16,"10/11/2025 06:43",https://www.instagram.com/reel/DPq8kTpglaD/,"Reel di Instagram",,Totale,3430,87,27,3,3,2063,0
17862477312497549,17841403367265426,jemp_polimi,"JEMP - Junior Enterprise","Due percorsi diversi, un unico obiettivo: avvicinarsi al mondo del lavoro!💼

Alessandro e Emanuele hanno portato la loro visione analitica in JEMP, scoprendo come applicare le loro competenze in numerosi progetti: dall'AI alla lead generation! 🚀
Non lasciarti scappare l'occasione e mettiti in gioco!🔥
Le candidature sono aperte fino al 19/10 ⏱️

#JEMP #JuniorEnterprise #ingegneria #innovation",75,"10/13/2025 05:51",https://www.instagram.com/reel/DPwANQ7AiSL/,"Reel di Instagram",,Totale,2307,41,4,3,1,1254,0
17979148994768613,17841403367265426,jemp_polimi,"JEMP - Junior Enterprise","🏁 Lo scorso weekend abbiamo partecipato al #JEIOM2025, organizzato a Monza da @jemib_bicocca insieme a @je_italy !

Tema dell’evento? Race at your pace 🏃‍♂️⏱️
Un invito a trovare il nostro ritmo, tra impegni, sfide e voglia di crescere 💪
Un tema che sentiamo nostro, soprattutto come #JEMPers!

✨ 3 giorni intensi tra:
 🔹 Tavole rotonde
 🔹 Company visits
 🔹 Workshop
 🔹 Business games
 …e una bellissima cena di gala per chiudere in grande stile 🥂 

 🎉 Il weekend si è concluso con un momento importante: il passaggio di board di JEItaly, che ha celebrato il lavoro svolto e dato il via a un nuovo capitolo per il network 💼 

📍Un evento che ci ha lasciato ispirazioni, nuovi contatti e tanta energia per guardare avanti.
Grazie a tutti coloro che l’hanno reso possibile 💛

#JEIOM2025 #RaceAtYourPace #JuniorEnterprise #JEMP #Monza #Networking #Innovazione #Formazione #Crescita #JEItaly #JEMib #BusinessGame #PassaggioDiBoard",49,"10/14/2025 05:13",https://www.instagram.com/reel/DPyfex0gt4n/,"Reel di Instagram",,Totale,2938,61,6,3,1,2055,0
18344585500161614,17841403367265426,jemp_polimi,"JEMP - Junior Enterprise","🎯 Quattro aree, un solo obiettivo: crescere insieme!

👥 Commerciale | HR | Marketing & Comunicazione | Audit & IT

💡 Da chi promuove JEMP, a chi costruisce esperienze interne, fino a chi analizza dati o cura la nostra immagine: ogni area è parte essenziale del motore JEMP.
Ogni ingranaggio ha il suo ritmo, ma è solo insieme che il meccanismo funziona!

🔍 Visita il sito e scopri le nostre aree

#JEMP #Teamwork #Juniorenterprise #AreaCommerciale #AreaM&C #AreaAudit&IT #AreaHR",32,"10/16/2025 09:13",https://www.instagram.com/reel/DP4FsoijOjY/,"Reel di Instagram",,Totale,2845,45,5,1,2,1489,0
18403901170188311,17841403367265426,jemp_polimi,"JEMP - Junior Enterprise","⏳ Manca poco alla chiusura delle iscrizioni!

📅 Hai tempo fino alle 23:59 del 19 Ottobre per mandare la tua candidatura e lanciarti in un nuovo percorso per il tuo #futuro 🚀.

✨Allora…Cosa stai aspettando?

#JEMP #ConnectWithYourFuture #Recruitment #Polimi #Design #Ingegneria #PolimiStudenti",0,"10/17/2025 06:16",https://www.instagram.com/p/DP6WTBFjEGt/,"Carosello di Instagram",,Totale,9228,43,5,0,3,1262,0
17990678510849515,17841403367265426,jemp_polimi,"JEMP - Junior Enterprise","🚀 Innovazione, collaborazione e crescita: tre parole che descrivono al meglio l’esperienza dei nostri JEMPer all’Acceleration Program organizzato da PwC e JE Italy!

Durante questa giornata, i nostri membri hanno avuto l’opportunità di confrontarsi con altre Junior Enterprise e con alumni oggi in PwC, condividendo idee, strategie e nuove prospettive per migliorare le realtà imprenditoriali studentesche di tutta Italia.

Un’occasione unica per mettere in pratica la nostra mentalità imprenditoriale, scambiare visioni e crescere insieme in un ambiente di innovazione e professionalità. 💡🤝

Esperienze come questa ci permettono di superare i nostri limiti e continuare a evolverci, come persone e come team. 🌱✨

#JEMP #JuniorEnterprise #PwC #JEItaly #AccelerationProgram #Innovation #Networking #Entrepreneurship",0,"10/24/2025 09:46",https://www.instagram.com/p/DQMv4pcgrgd/,"Immagine di Instagram",,Totale,9209,83,1,0,0,1828,0
17873209956443625,17841403367265426,jemp_polimi,"JEMP - Junior Enterprise","Ciao, sono la Pillola di JEMP! 💊
Sono curiosa, chiacchierona e sempre in cerca di storie interessanti da raccontare. 📢

Chi c’è dietro una strategia d’area di successo? 🧩
Il lavoro di un Advisor! Scopri cos’ha spinto @cr4que , Advisor di Area Audit&IT, a scegliere questo ruolo, quale aspetto preferisce e alcuni consigli per intraprendere questa posizione. 

Scorri il carosello e leggi la nostra chiacchierata! 💡

#JEMP #JEMPinPillole #Advisor #Strategia #JuniorEnterprise #Polimi #CrescitaPersonale #MettersilnGioco #StudentiAttivi #Teamwork",0,"10/29/2025 06:30",https://www.instagram.com/p/DQZRZpWgndP/,"Carosello di Instagram",,Totale,8520,43,18,0,0,1288,0
18087262246938359,17841403367265426,jemp_polimi,"JEMP - Junior Enterprise","Ecco a voi i membri del board 2025-2026!

Iniziamo dal tesoriere 💰:
Giuseppe Nicotra frequenta il quinto anno di Ingegneria Gestionale. È entrato in JEMP a marzo 2024 come Audit Consultant e da allora ha sempre giocato un ruolo chiave in associazione.🔑

Un augurio speciale per questa nuova esperienza!🎉

#JEMP #polimi #newboard #JE #treasurer",0,"10/31/2025 06:00",https://www.instagram.com/p/DQeXj58gs60/,"Carosello di Instagram",,Totale,8574,69,0,9,0,1189,0
17880629850310222,17841403367265426,jemp_polimi,"JEMP - Junior Enterprise","Ecco a voi un altro volto del Board 2025-2026 💛

Oggi vi presentiamo il nostro nuovo Segretario Generale: Eleonora Bernard!

Eleonora frequenta il terzo anno di Ingegneria Gestionale e ha iniziato il suo percorso in JEMP a marzo 2024 come Consultant dell’area HR, dove è stata accountable della sottoarea Strumento.
Nel suo percorso è stata anche Alumni Manager, ruolo che le ha permesso di rafforzare ancora di più il legame tra JEMP e chi ne ha fatto parte.

In poco tempo ha dimostrato passione, precisione e tanta voglia di contribuire alla crescita dell’associazione.
Ora è pronta a mettere tutto questo nel suo nuovo ruolo di Segretario Generale.

Le auguriamo un anno di crescita personale e professionale all’interno del Board. 💫

#JEMP #Polimi #NewBoard #SegretarioGenerale #SG",0,"11/05/2025 05:00",https://www.instagram.com/p/DQrPiKtgr33/,"Carosello di Instagram",,Totale,9603,74,10,12,2,1466,0
17865906003496700,17841403367265426,jemp_polimi,"JEMP - Junior Enterprise","Profumo di novità⭐
Continuiamo a conoscere i nuovi membri del Board 2025-2026!💛

Oggi vi presentiamo il nuovo International Manager: Emanuele Capone!

Studente al terzo anno di Ingegneria Informatica, è entrato in JEMP nell’ottobre 2024 come Consultant nell’area Commerciale, dove ha ricoperto il ruolo di Referente Innovazione.💻
Nel suo percorso è stato anche PM del PiP AI RAG Tool per l’area Commerciale, occasione che gli ha permesso di concretizzare il suo impegno verso l’innovazione.🎯

Il suo credere nel potenziale di crescita di JEMP e dei suoi associati lo ha spinto a candidarsi, con l’obiettivo di favorire uno sviluppo tangibile all’interno dell’Associazione.

#board #JEMP #IM #internationalmanager",0,"11/07/2025 02:00",https://www.instagram.com/p/DQwEmSighpN/,"Carosello di Instagram",,Totale,8449,67,4,10,0,1221,0
18062695214175120,17841403367265426,jemp_polimi,"JEMP - Junior Enterprise","Iniziamo la settimana presentandovi la nostra nuova Vice Presidente: @gp.giada. 🚀

Giada frequenta il primo anno di magistrale in Mobility Engineering, ed è entrata in JEMP a ottobre 2023 come consultant in area HR. 📙

Nel suo percorso in associazione ha ricoperto il ruolo di PM del PiP Wordpress e del Recruitment, oltre a essere stata Responsabile dell'area HR da dicembre 2024 a giugno 2025. 🖋

Durante il suo mandato, intende promuovere una visione strategica trasversale e collaborativa, credendo fermamente nel valore delle connessioni tra aree e facoltà differenti. 🔍

#board #JEMP #VP #VicePresidente",0,"11/10/2025 05:01",https://www.instagram.com/p/DQ4HreZDh50/,"Carosello di Instagram",,Totale,10313,84,10,9,0,2127,0
17895683829200573,17841403367265426,jemp_polimi,"JEMP - Junior Enterprise","✨Chiudiamo le presentazioni del nuovo Board 2025–2026 con il nostro Presidente: Lorenzo Mazzetti!✨

Studente al terzo anno di Ingegneria Gestionale, Lorenzo è entrato in JEMP nell’ottobre 2024 come Consultant nell’area Marketing&Comunicazione.🚀

Durante il suo percorso ha mostrato dedizione, equilibrio, e una visione orientata alla crescita condivisa, credendo nel valore delle persone e del lavoro di squadra. 💡

Nel suo mandato da Presidente, Lorenzo intende rafforzare la collaborazione tra le aree promuovendo un ambiente in cui ogni associato possa crescere e realizzare il proprio potenziale. 💛

#JEMP #polimi #board #presidente #leadership #newboard",0,"11/12/2025 05:41",https://www.instagram.com/p/DQ9V065gtb1/,"Carosello di Instagram",,Totale,9116,90,12,10,0,1552,0
18372842260156862,17841403367265426,jemp_polimi,"JEMP - Junior Enterprise","🪢 4 città italiane, 5 realtà di eccellenza, una partnership che propaga connessioni autentiche. 

💡 Il 5JEs è molto più di un evento di networking, è l’occasione che unisce cinque delle Junior Enterprise più importanti d’Italia in una visione proiettata al futuro. 

✨ Restate aggiornati per scoprire di più! 

#5JES #JEMP #JEToP #JECatt #JEst #JEVE #Networking",28,"11/24/2025 05:00",https://www.instagram.com/reel/DRcKoorDOEn/,"Reel di Instagram",,Totale,1789,79,2,0,0,1162,0
17932980711122066,17841403367265426,jemp_polimi,"JEMP - Junior Enterprise","Si vola in Portogallo🇵🇹

In occassione della JEEAC di quest’anno i nostri JEMPers hanno avuto la possibilità di visitare Lisbona sotto un atmosfera completamente nuova.

Ad arricchire infatti la bellezza della città e dei suoi tram🚊ci sono stati:

🚀Workshop
🙊Speech
🔗Network
✨Serate di gala
🌧️e tanta pioggia

Niente però ha fermato l’energia e l’entusiasmo: i nostri membri tornano a casa con nuove connessioni internazionali e un bagaglio di motivazione💛

#JE #JEItaly #JEEAC #Lisbona #workshop #network #JEMP",28,"12/01/2025 05:00",https://www.instagram.com/reel/DRuMP9rjH6d/,"Reel di Instagram",,Totale,1746,35,5,0,1,998,0
17846565099617451,17841403367265426,jemp_polimi,"JEMP - Junior Enterprise","🌐 Uno dei più importanti centri di innovazione di Milano, PoliHub, è pronto ad accogliere il 5JEs con workshop, panel talk e momenti di networking per creare nuove connessioni significative!

📆 Ci vediamo sabato 13 dicembre – SAVE THE DATE!

🎯 Rimanete aggiornati per maggiori informazioni e non mancate!

#5JEs #JEMP #JEToP #JECatt #JEst #JEVE #BeyondNetworking",0,"12/06/2025 05:00",https://www.instagram.com/p/DR7ENvggrjZ/,"Carosello di Instagram",,Totale,6915,67,3,3,0,1247,0
18009285413817369,17841403367265426,jemp_polimi,"JEMP - Junior Enterprise","Un nuovo volto in Area HR! ✨

La responsabilità passa a @alessiadonatellii , studentessa al 3° anno di Ingegneria Gestionale e parte della famiglia di JEMP da aprile 2025. 🚀

Nel suo nuovo ruolo, Alessia vuole trasformare l’Area HR in uno spazio in cui ogni JEMPer possa sentirsi valorizzato, motivato e parte viva di una squadra che cresce insieme. Il suo desiderio è quello di creare connessioni sincere tra persone e aree diverse, convinta che ogni risultato importante nasca sempre da un impegno condiviso. 🫱🏽‍🫲🏻

Un enorme in bocca al lupo per questo nuovo ruolo, Alessia! 🎉

#JEMP #JE #Polimi #HR #HumanResources #Leadership #Innovation #Teamwork",0,"12/09/2025 05:50",https://www.instagram.com/p/DSC4WpWgqsC/,"Carosello di Instagram",,Totale,8647,105,11,9,1,2001,0
17921180799198323,17841403367265426,jemp_polimi,"JEMP - Junior Enterprise","⏳ Manca poco: dopodomani finisce finalmente il countdown per il 5JEs!

🚀 Noi di JEMP siamo carichi... vi aspettiamo a Milano per scoprire il futuro dell’imprenditoria con attività di interazione e connessione!

🤔 Come funziona una startup? Cosa rende una leardership solida e un team davvero efficiente?

💫 Vieni a scoprirlo con noi!

#JEMP #JEToP #JECatt #JEst #JEVE #BeyondNetworking",0,"12/11/2025 06:11",https://www.instagram.com/p/DSIER5bgtgP/,"Carosello di Instagram",,Totale,5672,52,4,0,1,1074,0
18104535358666424,17841403367265426,jemp_polimi,"JEMP - Junior Enterprise","La nostra alumna @_elenavalle oggi è In-Store Communication Specialist in Iper Montebello S.p.A., società che gestisce la catena di ipermercati ""Iper, La grande i"". 🛒

In JEMP è stata prima Consultant e poi ViceResp in area Marketing & Comunicazione.📑

Scorri per seguire il suo percorso 👉

#JEMP #alumni #JEMPAlumni #JuniorEnterprise #PoliMi",0,"12/15/2025 06:07",https://www.instagram.com/p/DSSXBRmAsLB/,"Carosello di Instagram",,Totale,5229,48,3,0,1,961,0
18084721592119914,17841403367265426,jemp_polimi,"JEMP - Junior Enterprise","Ci sono novità in Area Marketing & Comunicazione! ✨

L'incarico di responsabile passa a @alberto_furlanetto22, studente al terzo anno di Ingegneria Gestionale e membro di JEMP da marzo 2025.📒

Nel corso del suo mandato, Alberto si occuperà di definire l'approccio comunicativo dell’associazione, coordinare i canali social e sviluppare la strategia d’area.📱

Congratulazioni e buon lavoro al nuovo responsabile!👏

#JEMP #JE #PoliMi #Marketing #Comunicazione #Responsabile #Leadership #Innovation",0,"12/16/2025 05:38",https://www.instagram.com/p/DSU4eEHghSQ/,"Carosello di Instagram",,Totale,5730,75,9,10,1,1091,0
18107856982576504,17841403367265426,jemp_polimi,"JEMP - Junior Enterprise","Ciao, sono la Pillola di JEMP!💊
Sono curiosa, chiacchierona e sempre in cerca di storie interessanti da raccontare. 📢

Chi da forma al dream team di ogni progetto?
Scopri cos’ha mosso @_albertocrupi_ a ricoprire il ruolo di referente Allocazione di Area HR, l’aspetto che apprezza di più e alcuni consigli per intraprendere questo percorso. 🧩

Scorri il carosello e leggi la nostra chiacchierata! 💡

#JEMP #JEMPinPillole #HR #Allocazione
#JuniorEnterprise #Polimi #CrescitaPersonale
#MettersilnGioco #StudentiAttivi #Teamwork",0,"12/22/2025 04:03",https://www.instagram.com/p/DSkKY6-gpvx/,"Carosello di Instagram",,Totale,5089,57,16,1,1,1029,0
18052278611398365,17841403367265426,jemp_polimi,"JEMP - Junior Enterprise","Thank you 2025… 💛
È stato un anno pieno di momenti condivisi, iniziative, sfide e piccoli grandi traguardi.
Abbiamo imparato, ci siamo messi in gioco e abbiamo trasformato tante idee in realtà, sempre insieme🚀.

Speriamo che il 2026 ci porti ancora più progetti da affrontare fianco a fianco, nuove esperienze da vivere e tanto entusiasmo da condividere con chi ci sostiene lungo il percorso.

Grazie a tutti per essere stati parte di questo anno speciale!🎉🎆",25,"12/31/2025 06:29",https://www.instagram.com/reel/DS7l6hHAma-/,"Reel di Instagram",,Totale,2603,71,9,5,0,1556,1
17895254139243811,17841403367265426,jemp_polimi,"JEMP - Junior Enterprise","JEMP arriva anche in Svizzera📍

Ne è la prova il nostro alumno ed ex Segretario Generale @davide_bonzi che oggi lavora come Digital Business Analyst presso la sede di Ginevra di @caterpillarinc 🤖.

E’ scappato un attimo dai suoi dati per raccontarci il suo percorso.
Scorri per scoprirlo👉

#alumni #JEMP #data #digital #business",0,"01/08/2026 05:10",https://www.instagram.com/p/DTQDj-7gmeq/,"Carosello di Instagram",,Totale,4094,38,3,0,0,744,0
18128910208455674,17841403367265426,jemp_polimi,"JEMP - Junior Enterprise","🎥 Ecco un piccolo riassunto del 5JEs di dicembre: è stata una giornata fatta di condivisione, di talk e di attività stimolanti ma anche, e soprattutto, di divertimento!

👥 Il networking è stato il protagonista, ma ci siamo anche lasciati ispirare, ascoltando i racconti dalle realtà più diverse, con l’occasione di portare il nostro punto di vista.

❤️ Ringraziamo chi ha partecipato e chi ha portato la sua voce e le sue idee!

🚀 Non vediamo l’ora di rivederci al prossimo 5JEs!

#JEMP #JEToP #JECatt #JEst #JEVE #BeyondNetworking",49,"01/09/2026 05:00",https://www.instagram.com/reel/DTSnM8wDPFI/,"Reel di Instagram",,Totale,2071,68,4,4,1,1271,1
17988194819761185,17841403367265426,jemp_polimi,"JEMP - Junior Enterprise","Ma come abbiamo passato le vacanze noi JEMPers? 🧐

Quest’anno, come ogni anno, si è tenuto il JEMParty di Natale per festeggiare insieme la fine del semestre! 🎄🎅

Noi di JEMP l’abbiamo festeggiato così! 🍾

#JEMP #JEMParty #JEMPer",0,"01/15/2026 06:21",https://www.instagram.com/reel/DTiNNJ0AvIe/,"Reel di Instagram",,Totale,1870,51,5,0,0,1043,0
18065811299223328,17841403367265426,jemp_polimi,"JEMP - Junior Enterprise","2 JEMPer
10 domande.
Zero tempo per pensare. 
🏓Questo è PING PONG con JEMP: il format dove le risposte… 
rimbalzano da sole.

Pronti a giocare con noi?
#JEMP #JE #interviste #pingpong",60,"01/21/2026 03:54",https://www.instagram.com/reel/DTxZIxQjEhn/,"Reel di Instagram",,Totale,5430,148,43,4,0,3386,2
18177838372375314,17841403367265426,jemp_polimi,"JEMP - Junior Enterprise","Ciao, sono la Pillola di JEMP!💊
Sono curiosa, chiacchierona e sempre in cerca di storie interessanti da raccontare. 📢

Chi traduce i dati provenienti dai nostri social in insights strategici?
Scopri cos’ha mosso @simone__pedrotti a ricoprire il ruolo di referente Data Analysis di Area Marketing & Comunicazione, l’aspetto che apprezza di più e alcuni consigli per intraprendere questo percorso. 🧩

Scorri il carosello e leggi la nostra chiacchierata! 💡

#JEMP #JEMPinPillole #Marketing #AnalisiDati
#JuniorEnterprise #Polimi #CrescitaPersonale
#MettersilnGioco #StudentiAttivi #Teamwork",0,"01/27/2026 03:28",https://www.instagram.com/p/DUAzBqhArqM/,"Carosello di Instagram",,Totale,3797,34,5,4,0,841,0
18087289172136899,17841403367265426,jemp_polimi,"JEMP - Junior Enterprise","Throwback al 2016 ⏪

Come siamo cambiati?
JEMP é molto diversa, ma alcune cose sono rimaste identiche: la voglia di imparare, il confronto continuo e il valore delle persone.
Il tempo passa, lo spirito resta 💛

#Throwback2016 #fichi #JEMP #PolitecnicoDiMilano #ThenAndNow",0,"01/30/2026 07:09",https://www.instagram.com/p/DUI6txKgnRu/,"Carosello di Instagram",,Totale,4045,79,4,1,2,901,0
18041137292730146,17841403367265426,jemp_polimi,"JEMP - Junior Enterprise","Il nostro Alumno Edoardo Ferrucci oggi è Growth Manager in Bending Spoons. 🚀

In JEMP ha guidato l’Area Commerciale, oggi invece guida la crescita di prodotti lavorando a stretto contatto con designer e developer. 📈

Scorri per scoprire il suo percorso. 👉

#JEMP #alumni #JEMPAlumni #GrowthManager #PoliMi",0,"02/05/2026 04:05",https://www.instagram.com/p/DUYCciDAkHG/,"Carosello di Instagram",,Totale,4381,63,18,3,1,1236,0
17925864201234702,17841403367265426,jemp_polimi,"JEMP - Junior Enterprise","Se usi Figma ogni giorno, sai che i plugin giusti fanno davvero la differenza nel risparmiare tempo. ⏳
In questo post trovi i 6 “must have” (+ 2 bonus) che abbiamo selezionato tra i migliori gratuiti della community.
Scorri le slide per scoprirli tutti! 👉

Li conoscevi già? Se ne abbiamo tralasciato qualcuno, consiglialo qui sotto nei commenti!

#figmatips #uitools #figmaplugin #juniorenterprise #polimi",0,"02/13/2026 09:12",https://www.instagram.com/p/DUtL8SWAhsm/,"Carosello di Instagram",,Totale,5906,169,30,12,66,1928,4
17857290072613376,17841403367265426,jemp_polimi,"JEMP - Junior Enterprise","🚪 C’è un nuovo inizio che ti aspetta, sta a te fare il primo passo: è il momento di entrare in JEMP!

Hai voglia di metterti alla prova sul serio? 💪
Con JEMP potrai superare i tuoi limiti, lavorare su progetti concreti e acquisire competenze che avranno un impatto reale sul tuo percorso futuro. 💼
Non è soltanto un’esperienza formativa: è un percorso di crescita personale fatto di persone, sfide, idee e opportunità da cogliere con coraggio. 🚀
📅 Dal 23 febbraio al 15 marzo le candidature sono aperte.
 👉 Non lasciarti sfuggire questa occasione, scopri tutti i dettagli nel link in bio!

#BeBoldStepInJEMP #JEMP #design #ingegneria #future",0,"02/16/2026 05:00",https://www.instagram.com/p/DU0da0Tgkyx/,"Carosello di Instagram",,Totale,5048,81,30,2,12,1977,1
18110975761710406,17841403367265426,jemp_polimi,"JEMP - Junior Enterprise","📌 Quando iscriversi? Salva queste date!

C’è un’opportunità che può fare la differenza nel tuo percorso universitario. Sta a te coglierla. ✨

📅 Dal 23 febbraio al 15 marzo aprono le candidature per entrare in JEMP.

Se sei uno studente del Politecnico di Milano con uno spirito propositivo, curioso e intraprendente, questo è il momento di metterti in gioco davvero. 💪

Vuoi qualcosa in più dall’università?
Con JEMP puoi lavorare su progetti concreti, accorciare le distanze con il mondo del lavoro e far parte di un team straordinario. 💼🚀

Non è solo un’associazione: è un’esperienza che ti forma, ti sfida e ti fa crescere.

📑 Salva il post per non dimenticare le date e preparati a fare il primo passo.

 👉 Tutti i dettagli nel link in bio!

#BeBoldStepInJEMP #JEMP #Recruitment #POLIMI #Design Ingegneria Future",0,"02/17/2026 05:00",https://www.instagram.com/p/DU3CQ3Cgsjl/,"Carosello di Instagram",,Totale,4493,50,2,1,3,1610,1
18045801077708600,17841403367265426,jemp_polimi,"JEMP - Junior Enterprise","Il futuro inizia con una scelta. Sei pronto a fare la tua? 🚀

Il Recruitment di JEMP è un vero e proprio percorso di selezione, pensato per simulare le dinamiche che troverai nel mondo del lavoro e nelle grandi aziende.📄

Cerchiamo studenti pronti a mettersi in gioco, a sfidare il pensiero critico e a lavorare in team. Ma come si svolge, nel concreto, il nostro Recruitment?
👉 Scorri il post per scoprire step by step come funziona la selezione.
Dall’invio della candidatura fino al periodo di prova: ogni fase è un’opportunità per dimostrare chi sei. 💪

📅 Le iscrizioni sono aperte dal 23 febbraio. ⚠️ Hai tempo fino al 15 marzo alle 23:59.
Non aspettare l’ultimo secondo. Leggi, salvati le date e preparati. Tutte le info per candidarti sono nel link in bio!

#BeBoldStepInJEMP #JEMP #recruitment #polimi #growtogether",0,"02/18/2026 05:00",https://www.instagram.com/p/DU5nAbKgmSI/,"Carosello di Instagram",,Totale,5262,47,5,0,6,2104,1
17848512999685360,17841403367265426,jemp_polimi,"JEMP - Junior Enterprise","Ci siamo quasi 🎉… adesso è il tuo momento per dire di sì: hai tempo dal 23 febbraio al 15 marzo per mandare la tua candidatura. 💪🏼
Non perdere l’occasione!💛

#recruitment #polimi #JEMP #BeBoldStepInJEMP #design",0,"02/19/2026 05:41",https://www.instagram.com/reel/DU8QcMugspn/,"Reel di Instagram",,Totale,83387,574,110,5,115,46620,173
18340317595213425,17841403367265426,jemp_polimi,"JEMP - Junior Enterprise","⏰ BREAKING NEWS ⏰

Da oggi 23 febbraio si aprono le iscrizioni per entrare in JEMP. 
Consultate il nostro sito web e i post pinnati per tutte le informazioni necessarie. 
Vi aspettiamo! 🚀

#JEMP #bebold #JE #polimi #JumpinJemp",13,"02/23/2026 00:00",https://www.instagram.com/reel/DVF8pLZjKqx/,"Reel di Instagram",,Totale,6251,89,11,2,1,4664,7
17920080075259509,17841403367265426,jemp_polimi,"JEMP - Junior Enterprise","⏱️ It's time to step in!

☝🏻Oggi aprono ufficialmente le candidature per entrare in JEMP!
Non lasciarti scappare questa occasione e candidati subito!

Consulta il nostro sito web e i post pinnati per tutte le informazioni necessarie. 💪🏻
Hai tempo fino al 15 marzo!

#JEMP #bebold #JE #polimi #StepinJemp",0,"02/23/2026 04:41",https://www.instagram.com/p/DVGc1GPAqGg/,"Carosello di Instagram",,Totale,2483,49,5,0,0,1145,0
18001713086707618,17841403367265426,jemp_polimi,"JEMP - Junior Enterprise","🐻Vieni a conoscere il Presidente di JEMP💛

Non dimenticare, ⏱️ It’s time to step in!
Le candidature per entrare in JEMP sono ufficialmente aperte! Non lasciarti scappare questa occasione e candidati subito!

Consulta il nostro sito web e i post pinnati per tutte le informazioni necessarie💪
Hai tempo fino al 15 marzo!

#JEMP #bebold #JE #polimi #StepinJemp",57,"02/26/2026 05:30",https://www.instagram.com/reel/DVOQy6ODPWI/,"Reel di Instagram",,Totale,7588,118,31,12,4,5291,5
17937702168170611,17841403367265426,jemp_polimi,"JEMP - Junior Enterprise","🚀 Sei pronto a dare la tua spinta? Scopri l'area giusta per te.

👥 Commerciale | Audit & IT | Marketing & Comunicazione | HR

Dalla squadra che promuove JEMP, a chi analizza i dati, da chi dà forma alla nostra identità a chi progetta l’esperienza interna: ogni area è un pezzo fondamentale del nostro motore. Ognuno col suo passo, ma tutti nella stessa direzione.

👉 Consulta il nostro sito web e i post pinnati per tutte le informazioni necessarie!
⚠️ Hai tempo fino al 15 marzo alle 23:59.

#JEMP #BeBoldStepInJEMP #Recruitment #POLIMI #Teamwork",0,"02/28/2026 05:06",https://www.instagram.com/p/DVTXu1wAo1Y/,"Carosello di Instagram",,Totale,2307,35,0,0,3,884,0
17931559119212325,17841403367265426,jemp_polimi,"JEMP - Junior Enterprise","Diventa JEMPer. 🚀

Non aspettare “il momento giusto”. ⏰

Mettiti in gioco su progetti reali, con persone che hanno la tua stessa energia e voglia di fare. 💡🤝

È crescita vera: professionale e personale.

📅 Candidature aperte fino al 15 marzo!

 🔗 Scopri tutto nel link in bio

#JEMP #DiventaJEMPer #BeBoldStepInJEMP",0,"03/04/2026 05:00",https://www.instagram.com/p/DVdqLtcgiir/,"Carosello di Instagram",,Totale,2138,37,3,0,1,855,0
18072243905184404,17841403367265426,jemp_polimi,"JEMP - Junior Enterprise","Non perdere l’occasione di incontrare JEMP🚀

Lunedì 9 marzo, dalle 18:30 alle 19:30, alcuni JEMPer risponderanno alle vostre domande e racconteranno la nostra realtà.
Registrati al link in bio e sii dei nostri!

P.S. Segna in agenda dove potrai incontrare JEMP nei prossimi giorni:
Martedì 10/03 Bovisa (Candiani)
Mercoledì 11/03 Leo (Giardino del Rettorato)
Giovedì 12/03 Bovisa (BL27)

#stepinJEMP #JEMP #polimi #associazioni",12,"03/06/2026 11:44",https://www.instagram.com/reel/DVjht61gqPO/,"Reel di Instagram",,Totale,19887,93,42,1,6,12455,10
17867587008591438,17841403367265426,jemp_polimi,"JEMP - Junior Enterprise","Un giorno.
Tre JEMPer.
Tre modi diversi di viverlo. 🚀

Entra nel nostro mercoledì e scopri cosa succede dietro le quinte.
Se pensi che questo mondo faccia per te, hai tempo fino al 15 Marzo per iscriverti ⏳✨

#JEMP #StepinJEMP #polimi #dayinalife",52,"03/08/2026 09:31",https://www.instagram.com/reel/DVoVPuxAp8Y/,"Reel di Instagram",,Totale,28319,239,65,7,30,20605,19
18114130240729303,17841403367265426,jemp_polimi,"JEMP - Junior Enterprise","Vieni a conoscere i JEMPer 🚀

E non dimenticare, il recruitment è aperto!
Puoi inviare la tua candidatura fino al 15 marzo, ti aspettiamo! 📝

#stepinJEMP #JEMP #polimi #domande",0,"03/12/2026 07:17",https://www.instagram.com/reel/DVyZRvNAlXL/,"Reel di Instagram",,Totale,3557,100,43,3,3,2204,1
18025470248800136,17841403367265426,jemp_polimi,"JEMP - Junior Enterprise","La chiusura delle iscrizioni si avvicina... e oggi parliamo dei progetti in JEMP! 🚀

Uno dei valori fondamentali di JEMP è quello di avvicinare gli studenti al mondo del lavoro attraverso progetti con startup, Piccole e Medie Imprese (PMI) e aziende. Ma che tipo di servizi offriamo ai nostri clienti? E come si partecipa ad un progetto? 🤔

Scorri il post per scoprirlo e non perdere questa occasione: STEP IN! 💪🏻

#BeBoldStepInJEMP #Recruiting #JEMP #Opportunità",0,"03/13/2026 05:11",https://www.instagram.com/p/DV0vtcuArUZ/,"Carosello di Instagram",,Totale,2520,53,6,0,1,860,0
18313842802268066,17841403367265426,jemp_polimi,"JEMP - Junior Enterprise","⏳ Il countdown è iniziato: le iscrizioni stanno per chiudere!

📅 Hai tempo fino alle 23:59 del 15 marzo per inviare la tua candidatura e fare il primo passo verso il tuo futuro 🚀

✨ Non lasciare che questa occasione ti sfugga!

Allora… cosa stai aspettando?

#BeBoldStepInJEMP #Recruiting # Opportunità #JEMP",0,"03/14/2026 06:00",https://www.instagram.com/p/DV3aFOOAg5a/,"Carosello di Instagram",,Totale,2022,19,0,1,0,716,0
18115034710632320,17841403367265426,jemp_polimi,"JEMP - Junior Enterprise","MANCA POCHISSIMO… Hai tempo fino alle 23:59 per inviare la tua candidatura a JEMP 🚀

Visita il nostro sito web, rivivi con noi i reel di questo recruitment e non perdere un’occasione unica!

#stepinJEMP #candidature #associazioni #polimi",13,"03/15/2026 06:01",https://www.instagram.com/reel/DV5-8Kogjtv/,"Reel di Instagram",,Totale,1738,47,4,4,3,1018,1
18019256501821823,17841403367265426,jemp_polimi,"JEMP - Junior Enterprise","🚀 Ci sono novità in Area Commerciale!!

📒 L'incarico di Responsabile passa a @thom_decaa, studente al 3° anno di triennale in Ingegneria Meccanica, mentre quello di Vice-Responsabile 
a @keitatsu.naka, studente al 2° anno di magistrale 
in Management Engineering!

💰 Nei prossimi mesi guideranno la loro area, gestiranno i nuovi lead e supporteranno i commerciali in ogni processo di trattativa.

🎉 Congratulazioni e buon lavoro ragazzi!! 👏

#JEMP #JE #commerciale #Teamwork #Leadership",0,"03/30/2026 05:55",https://www.instagram.com/p/DWgmO1Ggpkl/,"Carosello di Instagram",,Totale,2384,64,13,4,0,772,0
17865901287523238,17841403367265426,jemp_polimi,"JEMP - Junior Enterprise","Può una startup crescere senza una Brand Identity chiara?
Spoiler: no. 🚀

L’identità è il primo biglietto da visita: racconta chi sei, cosa fai e perché esisti. È coerenza, riconoscibilità e visione. 🎯

Per questo JEMP ha supportato ITEROS nella creazione di una Brand Identity completa: dalla moodboard al logo, dalla palette colori alla scelta dei font, fino agli elementi grafici, alla carta intestata e al Brand Manual. 🎨✏️

Ogni scelta è stata guidata da un obiettivo preciso: trasformare i valori della startup in un’identità visiva solida, distintiva ed efficace. ⚖️✨

Avere un’idea è importante.
Costruirle intorno un’identità lo è ancora di più. 💡

#JEMP #Polimi #BrandIdentity #VisualDesign #Startup",0,"04/01/2026 05:00",https://www.instagram.com/p/DWlplUHAqz5/,"Carosello di Instagram",,Totale,1485,52,7,0,1,469,0
18038093672244937,17841403367265426,jemp_polimi,"JEMP - Junior Enterprise","🎨 From contrast to identity: Create your logo
📅 10 aprile | ⏰ 14:30 - 16:30
📍 @fabbricadelvapore, Spazio Messina, Milano

Partecipa al nostro workshop interattivo durante la @milan.design.week! Un’esperienza che ti permetterà di progettare un logo personalizzato che rifletta la tua identità.

In collaborazione con @interdependence.polimi, questo evento ti immergerà nel mondo della Brand Identity: esploreremo insieme i concetti di design e comunicazione visiva attraverso un approccio pratico. 

Avrai 20min per sperimentare graficamente con il tema degli opposti, creando il tuo logo personalizzato da portare a casa alla fine del nostro workshop! 

Non serve registrarti, non perdere l’opportunità di trasformare i contrasti in identità. 
Passa a trovarci, ti aspettiamo!

#JEMP #BrandIdentity #MilanDesignWeek #DesignWorkshop #CreativityInAction #HandsOn",0,"04/08/2025 06:40",https://www.instagram.com/p/DIMAewMCcW8/,"Immagine di Instagram",,Totale,5698,36,12,2,1,2741,1
18063499307083878,17841465326784633,interdependence.polimi,INTERDEPENDENCE,"JEMP (Junior Enterprise of Politecnico di Milano) presents “From Contrast to Identity: Create Your Logo” a workshop where you’ll have the opportunity to design your own trademark!

Participants will dive into the fundamentals of design and visual communication, learning how to make ideas converge into a unique Brand Identity. A perfect opportunity for anyone looking to unleash their creativity and explore the process behind the creation of a brand.

See you there!

April 10, 2025 | 2:30 PM – 4:30 PM
Fabbrica del Vapore, via Giulio Cesare Procaccini 4, Milan.

@jemp_polimi
@fabbricadelvapore
@school.design.polimi
@polidesign
@department.design.polimi
@interdependence.polimi

#MilanoDesignWeek #MDW25 #Fuorisalone #Design #Interdependence #ExploringOpposites",0,"04/09/2025 06:10",https://www.instagram.com/p/DIOhveII0fy/,"Immagine di Instagram",,Totale,4886,42,9,1,0,,
